"script.filename","script.startdate","script.starttime","script.subjectid","script.groupid","script.elapsedtime","values.completed","expressions.da","expressions.db","expressions.d","expressions.percentcorrect"
"IAT_flowers_insects.iqx","020718","14:06:11","730072246","115981584","575686","1","0.2745694476199129763","0.0929229605440524686","0.1837462040819827225","74.1666666666666714036"
"IAT_race.iqx","020718","20:09:11","182940083","857524699","255122","1","0.6978435109299735428","0.1582744204342678707","0.4280589656821207067","98.3333333333333285964"
"IAT_flowers_insects.iqx","020718","21:05:55","27226757","428214434","276236","1","-0.0955852141422492835","0.7755531552151344599","0.3399839705364425813","97.5"
"IAT_flowers_insects.iqx","020718","20:06:48","57250160","156230344","229776","1","1.3554896378626988263","1.3667531811826343358","1.361121409522666692","98.3333333333333285964"
"IAT_flowers_insects.iqx","020718","20:05:35","255740741","28248525","207100","1","0.8518725624356697779","0.6513462809870085302","0.751609421711339154","98.3333333333333285964"
"IAT_flowers_insects.iqx","020718","20:04:32","770578037","52392316","240177","1","0.7908540481557876367","0.6978909790687451986","0.7443725136122664177","93.3333333333333285964"
"IAT_flowers_insects.iqx","020718","20:04:53","563591600","110624351","209277","1","0.7818807218550695159","0.6842001227650083006","0.7330404223100388528","85.8333333333333285964"
"IAT_flowers_insects.iqx","020718","20:04:45","681508303","603272830","220110","1","1.2172478186562831759","0.9365436439984914374","1.0768957313273872511","96.6666666666666714036"
"IAT_flowers_insects.iqx","020718","20:04:28","837260989","546879522","221682","1","1.1170419969734430854","0.8093026857966851839","0.9631723413850641347","93.3333333333333285964"
"IAT_flowers_insects.iqx","020718","12:03:02","7205392","667308669","218150","1","0.3328227989464422887","0.952918842809356792","0.6428708208778994848","97.5"
"IAT_race.iqx","020718","18:28:06","657593060","602824275","248401","1","0.3357785458024879488","0.919151043361721487","0.6274647945821046902","90"
"IAT_flowers_insects.iqx","020718","17:01:11","325320975","278772142","270017","1","0.7676948673118891842","1.078932467133295825","0.9233136672225925601","96.6666666666666714036"
"IAT_race.iqx","020718","16:49:51","148231489","574099142","312703","1","0.9851949285452117344","-0.0794626084281255113","0.4528661600585431324","94.1666666666666714036"
"IAT_race.iqx","020718","16:33:46","955145745","720248016","327565","1","0.6826583675250428307","-0.2844538993719838427","0.199102234076529494","99.1666666666666714036"
"IAT_race.iqx","020718","16:34:40","772374929","830540342","255224","1","0.4946452466938284775","0.6312153827460460498","0.5629303147199372637","96.6666666666666714036"
"IAT_flowers_insects.iqx","020718","16:33:15","717194360","542431076","320423","1","0.7333200499764278568","0.4783293709327178789","0.6058247104545728678","89.1666666666666714036"
"IAT_flowers_insects.iqx","020718","12:36:49","942733821","487853738","111565","1","-0.7688296910968411835","-0.1829720861239134966","-0.4759008886103773261","53.3333333333333357018"
"IAT_flowers_insects.iqx","020718","16:33:07","238431888","872541649","280003","1","1.0114595092539013788","1.4921590492552196938","1.2518092792545605363","91.6666666666666714036"
"IAT_race.iqx","020718","16:33:13","991310004","392830515","219997","1","0.8230143249660385463","0.8032626583307508339","0.8131384916483946901","89.1666666666666714036"
"IAT_flowers_insects.iqx","020718","16:31:51","935323645","175649895","252059","1","0.9581251463892036524","1.2428711328815058579","1.1004981396353548107","93.3333333333333285964"
"IAT_flowers_insects.iqx","020718","16:31:54","525408622","148807327","222584","1","1.0899608251732277875","1.3288860032192593152","1.2094234141962436624","95.8333333333333428072"
"IAT_flowers_insects.iqx","020718","16:31:42","739994208","981544530","229097","1","0.8651915617247110113","1.1141329143327243223","0.9896622380287176668","98.3333333333333285964"
"IAT_flowers_insects.iqx","020718","16:21:53","742227168","712422110","567191","1","1.0845504058093418109","0.472937855482258418","0.7787441306458000589","95.8333333333333428072"
"IAT_race.iqx","020718","16:23:25","147347378","746821145","323976","1","-0.9378456410154961675","-0.3433928790710634726","-0.6406192600432798478","96.6666666666666714036"
"IAT_race.iqx","020718","16:20:38","605606673","677996632","262210","1","0.7812643858234776806","0.4959873392651975021","0.6386258625443376191","94.1666666666666714036"
"IAT_flowers_insects.iqx","020818","01:17:47","295372062","815899598","205282","1","0.2877918870812171126","0.010356541072907165","0.1490742140770621449","97.5"
"IAT_flowers_insects.iqx","020718","16:17:20","41400304","243097400","202225","1","1.0199098464831120037","0.1387267950633733204","0.5793183207732426343","90"
"IAT_race.iqx","020718","16:16:02","833121121","841094815","214474","1","0.7072248251273457464","0.936195959718570947","0.8217103924229582912","98.3333333333333285964"
"IAT_race.iqx","020718","16:09:52","259778364","851195179","330161","1","0.5312220127451200424","1.1183658838277152903","0.8247939482864177219","94.1666666666666714036"
"IAT_race.iqx","020718","11:09:05","472641427","248897318","349120","1","0.7871711744026002044","-0.1137272832421140772","0.3367219455802430428","83.193277310924372614"
"IAT_flowers_insects.iqx","020718","11:10:08","34712061","959710224","266902","1","0.8500560599680664353","0.7289603359495804291","0.7895081979588234322","100"
"IAT_race.iqx","020718","16:07:51","649334898","416792613","402876","1","0.2585089807415540397","0.0227750016150030272","0.1406419911782785248","95.8333333333333428072"
"IAT_flowers_insects.iqx","020718","16:10:52","563438230","85622026","185824","1","-0.3748542475701792109","0.6885106268001727203","0.1568281896149967547","86.6666666666666714036"
"IAT_flowers_insects.iqx","020718","16:07:11","632173056","479592360","240934","1","1.0168519064001406704","0.1292827190727676434","0.5730673127364541708","91.6666666666666571928"
"IAT_race.iqx","020718","16:07:59","240102817","408957422","189669","1","0.5033460261046445172","-0.0103799646477874055","0.2464830307284285593","93.3333333333333285964"
"IAT_race.iqx","020718","16:03:30","937860201","274442445","226864","1","-0.3960390257578871309","-0.0706329559391209588","-0.2333359908485040379","98.3333333333333285964"
"IAT_flowers_insects.iqx","020718","16:03:24","291388118","530301891","218467","1","0.9377996354883116892","0.5653305414926389494","0.7515650884904753193","85.8333333333333285964"
"IAT_race.iqx","020718","16:02:48","387423690","677404872","234058","1","1.0818261025854389867","0.796193766611560716","0.9390099345984999069","98.3333333333333285964"
"IAT_race.iqx","020718","16:01:43","240102817","408957422","238047","1","0.3943663987315306207","-0.0766696341022867073","0.1588483823146219498","100"
"IAT_race.iqx","020718","16:01:19","287391307","997073081","247883","1","-0.2065779069437037041","0.047463378457842334","-0.079557264242930692","93.3333333333333285964"
"IAT_race.iqx","020718","16:01:42","339116986","264976127","218874","1","0.8445014567560407137","0.6217071356175246644","0.7331042961867826335","88.3333333333333285964"
"IAT_race.iqx","020718","16:00:08","145596673","528619251","232482","1","0.6553629237745230984","0.8069868600174643358","0.7311748918959937171","92.5"
"IAT_race.iqx","020718","16:00:01","253556644","349060512","214022","1","0.7001411811782330963","0.4019900654961682251","0.5510656233372006607","97.5"
"IAT_flowers_insects.iqx","020718","15:59:07","966998928","706900236","253623","1","0.6274148567740339688","1.2763788527690484997","0.9518968547715411788","96.6666666666666714036"
"IAT_race.iqx","020718","10:57:53","862429627","248543904","284088","1","0.5121188456888089435","0.701796709404024055","0.6069577775464165548","98.3333333333333285964"
"IAT_flowers_insects.iqx","020718","15:57:50","77399296","596816630","204758","1","0.8732154200512212139","0.473598167217000765","0.673406793634111045","94.1666666666666714036"
"IAT_flowers_insects.iqx","020718","15:57:31","402124967","248025310","204126","1","0.7741309494940640246","-0.1814560817907876766","0.2963374338516381878","98.3333333333333285964"
"IAT_flowers_insects.iqx","020718","15:57:05","468462502","815424265","174550","1","1.0563980627704978588","0.7551629967502085927","0.9057805297603531702","90.8333333333333285964"
"IAT_flowers_insects.iqx","020718","15:54:26","610168744","382567260","216343","1","0.4157030418438911745","0.4476216393591582743","0.4316623406015247522","100"
"IAT_flowers_insects.iqx","020718","15:54:45","575082229","881536800","201531","1","1.4449640199549742547","1.0524632395640070026","1.2487136297594907397","93.3333333333333285964"
"IAT_race.iqx","020718","15:52:46","647554123","784701108","297501","1","-0.2502171916726458334","0.2993634908200267786","0.0245731495736904726","96.6666666666666714036"
"IAT_race.iqx","020718","10:45:10","365496626","847983867","464435","1","1.2387974532546661699","0.5864640373756874192","0.912630745315176739","90.8333333333333285964"
"IAT_flowers_insects.iqx","020718","15:47:22","44646583","410794612","233929","1","0.852522132635751162","0.7000500914716443202","0.7762861120536976856","95.8333333333333428072"
"IAT_flowers_insects.iqx","020718","15:48:16","258125975","1499492","164414","1","0.0156070204489170694","0.8178338167801557645","0.4167204186145364031","89.1666666666666714036"
"IAT_flowers_insects.iqx","020718","15:45:32","906784166","305518479","247132","1","1.1453866761138611352","0.9770999119701642144","1.0612432940420126748","96.6666666666666714036"
"IAT_race.iqx","020718","15:43:32","169236538","434064672","226968","1","0.0712449471491629349","-0.0796381563236947393","-0.0041966045872659022","98.3333333333333285964"
"IAT_race.iqx","020718","15:43:18","398489489","666339072","214909","1","0.4238699851119605566","-0.1747769952762089629","0.1245464949178757968","98.3333333333333285964"
"IAT_race.iqx","020718","15:41:46","884258753","718656513","270118","1","0.5059877969123977026","1.1163444046496697748","0.8111661007810337942","85"
"IAT_race.iqx","020718","15:41:35","485218603","798067948","277879","1","0.060263915194071413","0.0232563886964311101","0.0417601519452512615","90.8333333333333285964"
"IAT_flowers_insects.iqx","020718","09:42:35","174790887","818737021","189691","1","0.5765572364660173088","0.5833646555131979383","0.5799609459896075681","90.8333333333333285964"
"IAT_race.iqx","020718","15:40:22","64634778","319505759","286387","1","-0.4137165491596708766","0.3133118140781439576","-0.0502023675407634665","98.3333333333333285964"
"IAT_flowers_insects.iqx","020718","15:40:39","560194454","114021498","209209","1","-0.0285228756128423425","0.53744249133616806","0.2544598078616628345","91.6666666666666714036"
"IAT_race.iqx","020718","15:40:00","467903513","816877636","245652","1","0.3339051615963563036","-0.007333929067632727","0.163285616264361777","96.6666666666666714036"
"IAT_race.iqx","020718","15:39:38","22506001","580795203","240056","1","0.2684995243347820248","0.6769510724189911066","0.4727252983768865935","91.6666666666666571928"
"IAT_flowers_insects.iqx","020718","15:39:37","92276310","902429441","230712","1","0.2340944209371607354","0.4433793257790872855","0.3387368733581240243","87.5"
"IAT_race.iqx","020718","15:40:27","179188146","327700477","179177","1","0.4536627911302906768","0.7856991693471628846","0.619680980238726753","95"
"IAT_flowers_insects.iqx","020718","15:38:22","550467416","733135889","272479","1","0.6181805784547529381","1.0993038418262182088","0.8587422101404855734","94.1666666666666714036"
"IAT_race.iqx","020718","15:38:16","43912010","169568498","241602","1","0.7127441157729402788","0.2757284469371306113","0.494236281355035445","88.3333333333333285964"
"IAT_flowers_insects.iqx","020718","15:38:34","45824312","949179556","214606","1","0.1837507990208178399","0.6152445290198593764","0.3994976640203385942","96.6666666666666714036"
"IAT_flowers_insects.iqx","020718","15:36:53","116822016","167675697","282578","1","0.8384962241543387762","0.56072191377690217","0.6996090689656204731","98.3193277310924429457"
"IAT_race.iqx","020718","15:38:08","644775899","29440053","210609","1","1.2376448907104542485","0.3313604151715479063","0.7845026529410010774","89.1666666666666714036"
"IAT_race.iqx","020718","15:38:29","544130035","668172612","189379","1","-0.1520683259924606179","-0.4826404163273218528","-0.3173543711598912354","95.8333333333333428072"
"IAT_race.iqx","020718","15:37:30","45897747","65075802","239953","1","0.7837509210674026283","0.0319505602997183918","0.4078507406835605309","96.6666666666666714036"
"IAT_race.iqx","020718","11:35:09","613796132","36056025","363021","1","0.7655089357642343995","0.1061694090991770756","0.4358391724317057236","82.2033898305084846925"
"IAT_race.iqx","020718","15:35:58","619115057","203752813","276213","1","-0.0144201896872609356","0.6134166220159500416","0.2994982161643445773","93.3333333333333285964"
"IAT_flowers_insects.iqx","020718","15:37:00","445085567","768693044","196305","1","0.3513817144466936937","0.4516453987207587062","0.4015135565837262277","91.6666666666666571928"
"IAT_race.iqx","020718","15:34:56","354050540","320165403","289315","1","-0.0908422122217473899","0.2944602945152612339","0.101809041146756929","96.6101694915254256557"
"IAT_flowers_insects.iqx","020718","15:36:18","573871758","710909386","207610","1","0.2283336600238286829","0.2800171863020045615","0.2541754231629166361","98.3333333333333285964"
"IAT_race.iqx","020718","15:35:28","896250499","926617355","254948","1","-0.0019259403386323664","0.8535255039886450179","0.4257997818250063293","97.5"
"IAT_flowers_insects.iqx","020718","15:35:49","995011576","851042241","217329","1","1.1050375000570746842","0.5905187299731576855","0.8477781150151162404","98.3333333333333285964"
"IAT_race.iqx","020718","15:33:52","700011012","733119965","291221","1","0.6402960480964784429","0.1173057711201206804","0.3788009096082995408","95"
"IAT_flowers_insects.iqx","020718","10:34:38","204542560","7760109","186067","1","0.7726508538922749469","0.47732252180696505","0.6249866878496199707","93.3333333333333285964"
"IAT_race.iqx","020718","15:34:07","179188146","327700477","198742","1","-0.2416695443039139357","0.5817191229846844225","0.1700247893403852295","100"
"IAT_flowers_insects.iqx","020718","15:33:54","827785702","384516945","193454","1","1.3661004944687991092","0.7935664847231324037","1.079833489595965812","98.3333333333333285964"
"IAT_race.iqx","020718","15:32:53","294127425","527562587","241834","1","0.6845148678580732504","0.7368128418936294999","0.7106638548758513751","93.3333333333333285964"
"IAT_race.iqx","020718","15:27:49","129848145","83632353","541761","1","0.737444695419416596","0.6902356864612093634","0.7138401909403129242","85.8333333333333285964"
"IAT_race.iqx","020718","15:33:09","641206241","181661629","202880","1","0.6619139677892965645","0.3821443956734082992","0.5220291817313524874","93.3333333333333285964"
"IAT_race.iqx","020718","15:31:40","544130035","668172612","285618","1","0.9591252278281727772","0.1613792475843403573","0.5602522377062565395","98.3333333333333285964"
"IAT_race.iqx","020718","15:32:22","855686521","966883201","227204","1","0.1887593819471405643","0.216786781089795072","0.2027730815184678181","90.8333333333333285964"
"IAT_flowers_insects.iqx","020718","15:31:45","305219912","517647934","245436","1","1.0333799113351676002","0.5602047060490455976","0.7967923086921065989","97.5"
"IAT_flowers_insects.iqx","020718","15:29:58","549996272","272871588","284629","1","1.4228987139149302799","0.9395174837428477144","1.1812080988288888861","86.6666666666666714036"
"IAT_race.iqx","020718","15:30:56","599651811","222038218","238802","1","0.9652973371000400649","0.6396732447324063875","0.8024852909162232262","90"
"IAT_race.iqx","020718","15:30:56","519817233","912438003","205822","1","0.3829801767742522234","-0.0100830628631107897","0.1864485569555707212","95.8333333333333285964"
"IAT_flowers_insects.iqx","020718","15:29:23","438898549","236178474","251579","1","-0.1096555573778248138","-0.9320616784751373229","-0.5208586179264810267","99.1666666666666714036"
"IAT_race.iqx","020718","15:28:42","274582324","937720328","241240","1","0.3296368750091150934","0.1985330986448644863","0.264084986826989776","97.5"
"IAT_flowers_insects.iqx","020718","15:28:22","964433421","665844778","248221","1","1.0051317305411404668","0.7519026511525292999","0.8785171908468348834","99.1666666666666714036"
"IAT_flowers_insects.iqx","020718","15:27:27","682937112","98477572","261991","1","0.6165276619099134825","0.4141395723598196854","0.515333617134866584","76.6666666666666714036"
"IAT_race.iqx","020718","15:28:06","962627857","686432378","219170","1","0.9203701181197707637","0.4082465384277059184","0.6643083282737383133","98.3333333333333285964"
"IAT_race.iqx","020718","15:26:58","842849993","832245649","276403","1","-0.2049581690922248622","0.5855885819874517839","0.1903152064476134608","100"
"IAT_flowers_insects.iqx","020718","15:27:30","366442872","845859784","244259","1","0.7344046542000044475","0.2390879310445572503","0.4867462926222808628","95.8333333333333428072"
"IAT_race.iqx","020718","15:26:32","106054635","569339137","283171","1","-0.2670061373819420658","0.3196261104020336474","0.0263099865100457908","97.5"
"IAT_flowers_insects.iqx","020718","15:25:39","102983176","890544736","285094","1","0.9735391856660929877","1.077862623998544489","1.0257009048323186828","96.6666666666666714036"
"IAT_race.iqx","020718","15:27:59","86604140","562456099","130457","0","","","0","0"
"IAT_flowers_insects.iqx","020718","15:25:31","781128104","329845427","260884","1","1.2510826885008756726","1.0889401718051492374","1.170011430153012455","85.8333333333333285964"
"IAT_flowers_insects.iqx","020718","10:24:12","384221432","900559720","306316","1","-1.0054002624118227871","0.066142891925457345","-0.4696286852431827419","95.8333333333333428072"
"IAT_race.iqx","020718","10:25:56","471007684","812595629","189620","1","0.7955328981034687219","0.961380894158503807","0.87845689613098632","98.3333333333333285964"
"IAT_race.iqx","020718","15:23:37","732621860","161546665","324404","1","0.5251521443701120395","0.5225405848602261427","0.5238463646151690911","92.5"
"IAT_race.iqx","020718","15:24:45","265685730","19095437","230369","1","0.0933149364426252015","0.6602675218900133647","0.376791229166319297","95.8333333333333428072"
"IAT_race.iqx","020718","15:23:36","954456004","40249739","253519","1","-0.0748307780773479342","0.4330577487968395034","0.1791134853597457777","92.5"
"IAT_flowers_insects.iqx","020718","15:23:08","486506647","798274504","232635","1","-0.2874243132938321121","-0.0849920084178207164","-0.1862081608558264212","95.8333333333333428072"
"IAT_flowers_insects.iqx","020718","15:22:23","920693717","902174141","240086","1","1.2163949031653353838","1.1554657503013883169","1.1859303267333618503","97.5"
"IAT_race.iqx","020718","15:23:21","539375907","134840035","177653","1","0.4313268643155895865","0.6678790217984207356","0.5496029430570051888","83.3333333333333428072"
"IAT_flowers_insects.iqx","020718","15:22:54","106620885","958207682","184042","1","0.7319257122283904238","0.6560021558640879435","0.6939639340462391282","95"
"IAT_race.iqx","020718","15:22:22","65123836","609092103","194543","1","0.4460133955068956713","0.7120130943895979225","0.5790132449482467969","89.1666666666666714036"
"IAT_flowers_insects.iqx","020718","15:21:26","620965256","372264520","220173","1","0.5223542043668417678","0.5023930903837222628","0.5123736473752820153","96.6666666666666714036"
"IAT_race.iqx","020718","15:20:47","862861193","812532574","260415","1","0.6049557029128664887","0.685114944004380888","0.6450353234586236884","95.8333333333333428072"
"IAT_race.iqx","020718","15:21:17","540105130","744676021","221542","1","0.471551988253095411","1.0799703049012678857","0.7757611465771816484","95"
"IAT_race.iqx","020718","10:19:55","561545994","112669951","226684","1","0.2477186718387473785","0.755023386231682303","0.5013710290352147991","92.5"
"IAT_flowers_insects.iqx","020718","15:19:19","126336192","595202549","242705","1","0.3003122439036056135","0.7883455438335317256","0.5443288938685686418","94.1666666666666714036"
"IAT_race.iqx","020718","15:19:02","587872212","476956347","220922","1","-0.7497340959404892313","-0.2792843264606342801","-0.5145092112005618112","96.6386554621848716806"
"IAT_flowers_insects.iqx","020718","15:18:11","586836790","307331731","229443","1","0.5952916127055022377","0.7023208849743747262","0.6488062488399384264","82.5"
"IAT_race.iqx","020718","15:16:48","819540299","392762348","310076","1","0.2521831739715121867","0.5180049247207190177","0.38509404934611563","95"
"IAT_race.iqx","020718","09:16:35","593643129","128687514","305951","1","0.9157658231291976314","0.6527161254449815875","0.7842409742870896094","100"
"IAT_race.iqx","020718","15:15:16","728685931","94181930","272049","1","0.4422442432020325942","-0.1946956129730263163","0.1237743151145031389","99.1666666666666714036"
"IAT_race.iqx","020718","15:15:32","862519812","786540429","212469","1","0.2339061262034461408","0.811124487903280289","0.5225153070533632427","93.3333333333333285964"
"IAT_race.iqx","020718","15:17:30","260314619","951988030","87067","0","","","0","0"
"IAT_race.iqx","020718","15:10:47","62983505","1845077","445675","1","-0.266073456001292008","0.5284022996433200836","0.1311644218210140378","99.1666666666666714036"
"IAT_flowers_insects.iqx","020718","07:11:37","405880925","197034359","372999","1","1.0897394211155035926","1.284437541979728481","1.1870884815476161478","99.1666666666666714036"
"IAT_race.iqx","020718","15:12:43","672756570","759498665","262373","1","0.2754482890227862302","0.3599559723426039581","0.3177021306826950942","95"
"IAT_flowers_insects.iqx","020718","15:12:25","920693717","902174141","246674","1","1.4115517099229188958","1.193479604473989486","1.3025156571984541909","96.6666666666666714036"
"IAT_flowers_insects.iqx","020718","15:12:55","207614447","224640793","161096","1","0.0947827389791618402","0.3359718789893064161","0.2153773089842341282","60"
"IAT_flowers_insects.iqx","020718","09:13:01","641734445","423094119","122149","1","0.2257948618947298314","-0.2729626518959395454","-0.023583895000604857","49.5798319327731107364"
"IAT_flowers_insects.iqx","020718","15:10:19","986250624","835439396","238226","1","0.7568849548214470202","0.945679803176513567","0.8512823789989802936","97.5"
"IAT_flowers_insects.iqx","020718","15:10:53","517726855","547101709","216197","1","-0.0718831379568094647","0.0987084495111667792","0.0134126557771786573","90"
"IAT_race.iqx","020718","15:10:15","38779001","393476241","213810","1","0.8655255878202929853","0.3437113342009504025","0.6046184610106216661","96.6666666666666714036"
"IAT_race.iqx","020718","15:09:02","992967929","656092306","241277","1","-0.5135978653888504386","0.3226524477732262697","-0.0954727088078120845","96.6666666666666714036"
"IAT_race.iqx","020718","15:10:09","113359081","318896162","195995","1","-0.8302100033249499855","0.4356718905978780865","-0.1972690563635359495","98.3333333333333285964"
"IAT_race.iqx","020718","09:09:26","942206850","271273632","303409","1","0.4199939705975530013","0.0558712918293082159","0.2379326312134306121","88.0341880341880340666"
"IAT_race.iqx","020718","15:09:01","301560772","301354508","233365","1","0.0496011216621344841","0.3549175534701853318","0.202259337566159908","90"
"IAT_race.iqx","020718","17:07:53","755258994","138909529","290675","1","0.5617338205063028278","0.5135895526200340289","0.5376616865631684838","98.3333333333333285964"
"IAT_race.iqx","020718","10:08:15","983422513","127551015","270648","1","-0.4826004736467564005","0.7634766865305523398","0.1404381064418979697","91.6666666666666571928"
"IAT_flowers_insects.iqx","020718","15:06:48","561714654","332137109","329493","1","0.9618644526595729882","0.9152308551377298373","0.9385476538986514683","95.8333333333333428072"
"IAT_flowers_insects.iqx","020718","15:09:23","172722031","283897005","186422","1","0.6497744667978987421","1.0314280428960052038","0.8406012548469519174","82.5"
"IAT_flowers_insects.iqx","020718","15:07:42","915306710","149521855","278765","1","1.2395192010002855643","1.0984127081793328973","1.1689659545898092308","100"
"IAT_race.iqx","020718","15:08:30","748063977","316764589","214570","1","0.6032075557588726378","0.4787378480973730199","0.5409727019281228566","95"
"IAT_race.iqx","020718","15:06:50","445394746","815022609","294835","1","-0.2334136423157778528","0.2683622450885840283","0.0174743013864030947","93.3333333333333285964"
"IAT_race.iqx","020718","15:06:43","667960884","443012642","319843","1","0.5769821016998152308","-0.195230336576531216","0.1908758825616420074","97.5"
"IAT_race.iqx","020718","15:06:45","445794281","276042592","320154","1","0.8782996477498394849","0.4527658909040834234","0.6655327693269614819","96.6666666666666714036"
"IAT_race.iqx","020718","15:08:34","944683843","705168297","182513","1","0.0142260325950545208","0.0654846710980599156","0.0398553518465572174","87.5"
"IAT_flowers_insects.iqx","020718","15:06:42","445192198","230201583","239741","1","0.6159442400256565087","0.3873090296155647372","0.5016266348206106507","96.6666666666666714036"
"IAT_race.iqx","020718","15:05:06","956843913","693306355","337956","1","-0.0600326943703689622","0.6513175246977171984","0.2956424151636741215","98.3333333333333285964"
"IAT_flowers_insects.iqx","020718","15:06:38","787704087","815211187","231390","1","1.1390243893388576346","0.6962209186197313437","0.9176226539792944337","94.1666666666666714036"
"IAT_race.iqx","020718","15:06:04","14020169","199143570","237707","1","0.6814983380592773976","0.7526903809120861766","0.7170943594856817871","98.3193277310924287349"
"IAT_race.iqx","020718","07:08:29","693366393","980849540","85474","1","-0.4081673067938788591","-0.1418592520809942581","-0.2750132794374365863","47.5"
"IAT_flowers_insects.iqx","020718","15:06:31","317841342","966939802","185412","1","0.7266995567896564756","0.3959889522292179831","0.5613442545094372571","88.3333333333333285964"
"IAT_flowers_insects.iqx","020718","15:04:51","542218727","133175053","262409","1","0.7759745786110657795","1.0414044942369447","0.9086895364240052952","100"
"IAT_race.iqx","020718","15:04:44","396485092","816995396","244277","1","0.5331592916860854459","0.4400385345194542386","0.4865989131027698145","100"
"IAT_race.iqx","020718","15:05:33","539055050","674425440","194514","1","0.8817436936749134535","0.8936575065600392831","0.8877006001174763128","90.8333333333333285964"
"IAT_flowers_insects.iqx","020718","15:03:23","452792693","834056717","304261","1","1.4322440202222221917","1.4207818918482557624","1.426512956035238977","92.5"
"IAT_flowers_insects.iqx","020718","15:04:30","479384312","734096177","222584","1","0.0824605192459746811","0.6474743107408440501","0.3649674149934093448","90.8333333333333285964"
"IAT_race.iqx","020718","09:04:08","131557731","152906667","226995","1","-0.3232483907944891377","0.4531339811910251036","0.064942795198267983","96.6666666666666714036"
"IAT_race.iqx","020718","10:03:30","666581979","617304781","195020","1","0.859338738703527838","0.101342659590768075","0.4803406991471479426","94.1666666666666714036"
"IAT_flowers_insects.iqx","020718","10:02:01","54779480","229703549","284204","1","0.918443529706207018","0.7821258770794465853","0.8502847033928268017","93.3333333333333285964"
"IAT_flowers_insects.iqx","020718","15:02:51","868001054","13286271","211882","1","1.3096910869704920799","0.6179115411847362349","0.9638013140776141574","75"
"IAT_flowers_insects.iqx","020718","15:00:51","29137271","865031259","310475","1","0.1843361991517249721","0.9449762769785954308","0.5646562380651601876","96.6666666666666714036"
"IAT_race.iqx","020718","10:00:59","584437081","309731438","296736","1","-0.436385156832190424","-0.169051629165173023","-0.3027183929986817512","87.5"
"IAT_race.iqx","020718","09:01:03","89350505","756703323","275445","1","0.3020417806309029785","0.1216730715849926314","0.2118574261079478049","94.1666666666666714036"
"IAT_flowers_insects.iqx","020718","15:01:33","35342861","29485721","234163","1","0.3241087575250030661","0.0856611535434572136","0.2048849555342301398","80"
"IAT_flowers_insects.iqx","020718","09:01:01","341249261","261349255","249055","1","1.0566327134692046208","0.5297783000601321568","0.7932055067646683888","85"
"IAT_flowers_insects.iqx","020718","14:59:05","445192198","230201583","317667","1","0.2461924715691119481","0.5611399604821913911","0.4036662160256516696","96.6666666666666714036"
"IAT_race.iqx","020718","14:59:32","563072740","547900789","296394","1","-0.1308999003750681289","0.0626369629626844782","-0.0341314687061918254","97.5"
"IAT_race.iqx","020718","14:57:37","983434691","839433162","378300","1","-0.8823108796218348537","0.2851592706380575715","-0.2985758044918886411","96.6666666666666714036"
"IAT_flowers_insects.iqx","020718","15:00:19","317841342","966939802","212122","1","0.6553951672237802173","0.493167162543248605","0.5742811648835144389","94.1666666666666714036"
"IAT_flowers_insects.iqx","020718","14:58:48","431925768","329477","274631","1","0.8182945340219790475","0.051177219794410117","0.4347358769081945962","97.5"
"IAT_race.iqx","020718","15:00:11","270327266","14453898","202011","1","-0.7368338248411115954","0.2352891171788097646","-0.2507723538311509293","98.3333333333333285964"
"IAT_flowers_insects.iqx","020718","14:49:47","44915286","776774748","244465","1","0.846267517891576504","1.2281870720353922355","1.0372272949634844252","99.1666666666666714036"
"IAT_flowers_insects.iqx","020718","14:58:32","456132718","366437018","216060","1","0.1305035505240963734","-0.1082165018109529503","0.0111435243565717115","91.6666666666666571928"
"IAT_flowers_insects.iqx","020718","14:56:06","143128871","505931369","267001","1","1.1017741613818028412","0.6954795114183794924","0.8986268364000911113","93.3333333333333285964"
"IAT_flowers_insects.iqx","020718","14:56:43","386246848","216668436","232128","1","0.2683995984318066075","0.1896577297820602193","0.2290286641069333995","94.1666666666666714036"
"IAT_race.iqx","020718","14:55:25","77526532","644804116","276257","1","0.532181642432974833","0.1691692670005598143","0.3506754547167673097","100"
"IAT_race.iqx","020718","14:55:54","605886233","43174017","245959","1","0.2381881308493592475","0.5904772998924785465","0.4143327153709188693","94.1666666666666714036"
"IAT_race.iqx","020718","14:52:35","61784683","221818642","389098","1","0.6193176358408953863","0.4893752270354949085","0.5543464314381951752","99.1666666666666714036"
"IAT_race.iqx","020718","14:53:34","176652930","646214933","273719","1","0.9209364174489634847","1.1397693810590172614","1.0303528992539903175","94.1176470588235360992"
"IAT_race.iqx","020718","14:53:05","384363251","680465321","273985","1","0.8370239112729576103","0.0730458169859841966","0.4550348641294709173","100"
"IAT_flowers_insects.iqx","020718","14:50:25","986991006","7714737","425413","1","0.4783541177565797664","0.883114244394985537","0.6807341810757826517","97.5"
"IAT_flowers_insects.iqx","020718","14:52:47","456132718","366437018","235859","1","1.0663592655685456556","0.6175783226355894273","0.841968794102067486","95.8333333333333428072"
"IAT_flowers_insects.iqx","020718","14:52:13","68906880","536080623","265374","1","1.0734738777823611411","0.9776758154528037981","1.0255748466175824696","95"
"IAT_race.iqx","020718","14:52:29","363223603","93395433","235592","1","0.8694767463138762809","0.7977028225491171742","0.833589784431496672","96.6666666666666714036"
"IAT_race.iqx","020718","14:49:36","713936658","180231868","390930","1","0.3990670626724179271","0.4878746621787411475","0.4434708624255795373","98.3333333333333285964"
"IAT_flowers_insects.iqx","020718","14:52:32","263450431","848315010","181793","1","0.6715706476271303682","0.0011832413976530089","0.3363769445123916957","93.3333333333333285964"
"IAT_race.iqx","020718","14:51:47","4497834","669718117","231477","1","0.3263076194238746508","0.4382168241767205319","0.3822622218002976191","95"
"IAT_flowers_insects.iqx","020718","14:51:21","811663184","620592044","198689","1","0.53726208119220209","0.4918424773785032844","0.5145522792853527427","96.6666666666666714036"
"IAT_race.iqx","020718","09:50:31","461598033","821707153","276898","1","0.3102612660526941069","0.2278014813851032827","0.2690313737188986809","97.5"
"IAT_race.iqx","020718","06:49:23","535315539","725101815","262486","1","0.4447831210836368787","-0.1364613046364847593","0.1541609082235760597","92.5"
"IAT_flowers_insects.iqx","020718","14:50:52","52391494","161089003","203032","1","0.3905966625586091423","0.8320764588296570841","0.6113365606941331132","91.6666666666666571928"
"IAT_race.iqx","020718","14:49:31","190340449","531198301","197023","1","-0.4948779686209298645","0.1441568264307527825","-0.175360571095088541","90.8333333333333285964"
"IAT_race.iqx","020718","14:48:37","423007866","571414422","213777","1","1.3086794087525459584","0.7871334850673693539","1.0479064469099577117","90.8333333333333285964"
"IAT_flowers_insects.iqx","020718","14:46:46","609200910","675580241","274783","1","-0.070606473671240455","0.6691619232987775501","0.2992777248137685753","98.3333333333333285964"
"IAT_flowers_insects.iqx","020718","09:46:44","703624742","17914006","257586","1","0.7213147967868952515","0.6781362480680478422","0.6997255224274715468","99.1666666666666714036"
"IAT_race.iqx","020718","14:46:54","850004642","799847500","238861","1","0.6254906807069962049","-0.2057023957272288983","0.2098941424898836672","97.5"
"IAT_race.iqx","020718","14:44:38","131774082","933054487","296907","1","0.448789199339093281","0.56995526268756036","0.5093722310133268483","97.5"
"IAT_race.iqx","020718","14:44:13","72170145","649368608","264158","1","1.0887077413878210042","0.8789368880002979001","0.9838223146940594521","97.5"
"IAT_flowers_insects.iqx","020718","14:43:55","52391494","161089003","227405","1","0.1876045165177145091","0.7113740808396800119","0.4494892986786972466","92.5"
"IAT_flowers_insects.iqx","020718","14:42:06","832682047","989007970","258576","1","0.1095364166046222387","0.2064359005112961776","0.157986158557959222","97.5"
"IAT_race.iqx","020718","15:41:05","233943787","415433224","217144","1","0.1386967019708026105","0.2499694590792617688","0.1943330805250321758","87.5"
"IAT_flowers_insects.iqx","020718","09:42:10","678393096","606388054","199512","1","0.638843872025329218","-0.1654421096786995726","0.2367008811733148366","85"
"IAT_flowers_insects.iqx","020718","14:41:14","982397589","740231180","248054","1","0.2934420405150992561","0.2270543371983437531","0.2602481888567215185","99.1666666666666714036"
"IAT_race.iqx","020718","14:41:44","693171305","739083929","207720","1","0.8674762892250892365","1.0031569008875300675","0.9353165950563095965","96.6666666666666714036"
"IAT_flowers_insects.iqx","020718","22:40:38","747839560","901220679","264587","1","1.0827165088324286479","0.6942504955281286749","0.8884835021802787169","95"
"IAT_flowers_insects.iqx","020718","14:40:50","224925624","597942246","231770","1","1.0325159681047886284","0.5080032477637431709","0.7702596079342658442","97.5"
"IAT_flowers_insects.iqx","020718","14:39:27","569594414","885846777","260752","1","0.3699655784600327513","-0.5948000192012466991","-0.1124172203706069739","94.1666666666666714036"
"IAT_flowers_insects.iqx","020718","14:37:58","363524221","459343643","272479","1","0.9975141522896142643","0.6284773610720694181","0.8129957566808417857","95"
"IAT_flowers_insects.iqx","020718","14:38:04","91445973","631182806","206800","1","-0.2763293186957820335","0.09990624496663085","-0.0882115368645755848","97.5"
"IAT_race.iqx","020718","14:34:08","353484657","711343915","238439","1","0.3946932851244772666","0.818235476026373143","0.6064643805754251771","82.5"
"IAT_flowers_insects.iqx","020718","14:36:23","896106144","536149093","209376","1","0.3888939555194442788","0.6471182230073458941","0.5180060892633950864","83.3333333333333428072"
"IAT_flowers_insects.iqx","020718","14:35:05","28012583","37993832","240878","1","1.0038315200039027442","0.1114582248285300725","0.5576448724162164083","86.6666666666666714036"
"IAT_flowers_insects.iqx","020718","14:34:14","852697087","796363154","195845","1","0.916868471253306061","0.6201009176034719683","0.7684846944283889592","94.1666666666666714036"
"IAT_race.iqx","020718","14:32:17","432053156","170862131","309488","1","0.6073609450573949076","0.8586595963136900433","0.7330102706855424755","95.8333333333333428072"
"IAT_race.iqx","020718","14:33:00","270308740","333784380","247096","1","0.9466761959539031768","0.944032144887196778","0.9453541704205499219","88.3333333333333285964"
"IAT_flowers_insects.iqx","020718","14:33:23","959977279","642937999","196905","1","1.2357943002051814396","1.2774282616666814416","1.2566112809359313296","84.1666666666666714036"
"IAT_flowers_insects.iqx","020718","14:32:24","583883014","409346768","251243","1","0.3205182524979476311","0.1553244511121733007","0.2379213518050604659","99.1666666666666714036"
"IAT_race.iqx","020718","14:32:17","957598724","327182427","249307","1","0.2726427495640943444","0.1223362522936247698","0.1974895009288595571","99.1666666666666714036"
"IAT_race.iqx","020718","09:33:13","909556138","85149604","184037","1","0.7196084221200300668","0.6693336920323061934","0.6944710570761680746","98.3333333333333285964"
"IAT_flowers_insects.iqx","020718","06:30:41","242700581","479136294","287243","1","0.4804290589878061901","0.4234408537976427911","0.4519349563927245184","100"
"IAT_flowers_insects.iqx","020718","14:27:26","867948927","415654391","250762","1","1.2340724358486230283","1.1107166340460983278","1.1723945349473607891","96.6666666666666714036"
"IAT_race.iqx","020718","14:26:17","721300289","492478326","253522","1","0.4002541810515747311","0.1984309571755075163","0.2993425691135411237","88.3333333333333285964"
"IAT_flowers_insects.iqx","020718","14:24:25","726661040","922399196","329250","1","0.6211933291678556346","0.446850385601380462","0.5340218573846180483","99.1666666666666714036"
"IAT_flowers_insects.iqx","020718","14:24:07","614502488","60891294","254614","1","1.0479397672777035488","0.5867752061632948157","0.8173574867204991268","85.8333333333333285964"
"IAT_race.iqx","020718","14:24:11","664316323","972847665","248151","1","1.0210203107933430999","0.9862029175157966954","1.0036116141545698977","93.3333333333333285964"
"IAT_race.iqx","020718","14:22:30","657636043","164053987","260332","1","-0.2677916622759621834","0.4137266310119881441","0.0729674843680129803","96.6666666666666714036"
"IAT_race.iqx","020718","14:22:33","761338203","960992431","242259","1","0.7711961814632538603","0.7439319490015676717","0.7575640652324108215","95.8333333333333285964"
"IAT_flowers_insects.iqx","020718","14:21:47","747800991","73889035","236314","1","1.3830647502590762699","1.1990870212973434583","1.2910758857782098641","95"
"IAT_race.iqx","020718","14:21:42","150461530","281793711","218200","1","0.0892340635803909182","0.8347317658317985334","0.461982914706094705","96.6666666666666714036"
"IAT_flowers_insects.iqx","020718","14:10:46","337995878","727218630","205020","1","1.2419649389261775418","0.9485981928231730365","1.0952815658746752892","92.5"
"IAT_flowers_insects.iqx","020718","09:19:28","654331958","994728280","247234","1","0.4133096328508333861","-0.2397172766087893592","0.0867961781210220135","84.1666666666666714036"
"IAT_race.iqx","020718","14:19:21","854086011","968781842","225187","1","-0.2817048767238536366","-0.8882700570970026854","-0.5849874669104281333","93.3333333333333285964"
"IAT_race.iqx","020818","00:48:26","91409689","168215777","237822","1","0.811692576094941054","0.2664709885512497878","0.5390817823230954486","98.3333333333333285964"
"IAT_race.iqx","020718","14:18:22","218817820","846396687","220094","1","0.946174109375386263","0.6776429455101545818","0.8119085274427704224","95.8333333333333428072"
"IAT_race.iqx","020718","14:16:14","410213985","411159289","213630","1","0.1967659983574283067","0.4191588328728429458","0.3079624156151355985","85.8333333333333285964"
"IAT_flowers_insects.iqx","020718","14:15:16","234271855","588596018","229357","1","1.2487973178984310696","0.9392641053560560893","1.094030711627243635","95"
"IAT_flowers_insects.iqx","020718","14:13:22","80168959","132133703","307409","1","0.1273196095518044357","0.3281330287950502966","0.2277263191734273662","94.1666666666666714036"
"IAT_race.iqx","020718","08:13:18","147475444","964675927","267599","1","0.9571406497970436078","0.8436352437467468102","0.9003879467718951535","93.3333333333333285964"
"IAT_flowers_insects.iqx","020718","14:12:32","749368071","901661905","291318","1","1.1455929641170456978","1.2153415071618112187","1.1804672356394285693","95.8333333333333428072"
"IAT_flowers_insects.iqx","020718","14:11:15","675058712","319647032","306142","1","0.5906448619852956439","1.2138907896590105384","0.9022678258221530356","93.2773109243697433612"
"IAT_flowers_insects.iqx","020718","14:11:04","281711400","541156472","223842","1","0.5229674987740561276","0.0349411920654561087","0.2789543454197561112","97.5"
"IAT_race.iqx","020718","14:08:19","466244185","646699093","330765","1","-0.2393471472450520166","0.7719014420591625569","0.2662771474070552702","98.3333333333333285964"
"IAT_race.iqx","020718","14:05:20","27087659","186392842","322418","1","0.7807593721881307403","0.7042005826199428942","0.7424799774040368172","97.5"
"IAT_flowers_insects.iqx","020718","14:03:38","683057198","356615677","357431","1","0.7779011031643549012","1.0984278950362447169","0.9381644991002997536","96.6386554621848716806"
"IAT_flowers_insects.iqx","020718","14:01:28","470431742","132781672","240635","1","-0.0629390255412702743","-0.2812003309669682816","-0.1720696782541192849","95"
"IAT_flowers_insects.iqx","020718","14:00:45","792204798","663236397","241495","1","1.1100593903934343754","0.8505101397928168661","0.9802847650931256762","92.5"
"IAT_race.iqx","020718","06:56:53","515521577","374785969","265413","1","-0.2522744781178926088","0.3124305000918502495","0.0300780109869788204","97.5"
"IAT_flowers_insects.iqx","020718","13:56:55","514888056","378102638","208278","1","0.7495502227887783642","0.4763860028841386818","0.6129681128364585785","90"
"IAT_race.iqx","020718","13:50:26","817704898","75285793","249652","1","0.1382157056742259749","0.6866249283320550179","0.4124203170031405241","98.3333333333333285964"
"IAT_race.iqx","020718","13:49:44","260570330","951732322","233052","1","0.6119078363760932504","-0.0080272939479693346","0.3019402712140619727","92.5"
"IAT_race.iqx","020718","13:48:34","375081299","664591579","271457","1","0.6359302086137380572","0.985138369382550394","0.8105342889981441701","97.5"
"IAT_race.iqx","020718","13:46:30","599385267","50852819","339157","1","0.2563012622180954603","0.0407843291737991845","0.1485427956959473328","92.5"
"IAT_flowers_insects.iqx","020718","13:47:54","334748437","315489651","235867","1","0.8495211447541269889","0.6626851885425207866","0.7561031666483238878","86.6666666666666714036"
"IAT_flowers_insects.iqx","020718","13:40:40","71675015","976824528","461675","1","0.059790631567597112","0.0492037558372934447","0.0544971937024452818","100"
"IAT_race.iqx","020718","13:43:28","962810244","493016882","348104","1","-0.6934044528339600166","0.2603770001682307322","-0.2165137263328646422","90.7563025210084077798"
"IAT_race.iqx","020718","13:43:07","332786361","98291046","298131","1","0.1765728984490344544","0.7303334093034155039","0.4534531538762249792","81.6666666666666714036"
"IAT_race.iqx","020718","10:51:13","857298266","526842265","278945","1","0.4091590902874875924","0.6494501878708248688","0.5293046390791562583","93.3333333333333285964"
"IAT_flowers_insects.iqx","020718","07:33:47","942657512","488419885","189607","1","0.6701931062266313077","0.9796057743996233746","0.8248994403131273412","86.6666666666666714036"
"IAT_race.iqx","020718","13:33:00","244572713","600689214","236113","1","-0.3732339140112564402","-0.1020129292880457839","-0.237623421649651112","98.3333333333333285964"
"IAT_flowers_insects.iqx","020718","13:31:26","451169438","833891208","207847","1","0.9230903842747882893","0.0553395803753176027","0.4892149823250529495","85.8333333333333285964"
"IAT_flowers_insects.iqx","020718","13:30:13","348708304","325507644","222185","1","0.1117556071974799003","0.1576537789761566777","0.134704693086818289","90.8333333333333285964"
"IAT_race.iqx","020718","13:24:13","480358378","342509487","257402","1","0.7825195464098549936","0.4905146826812284422","0.6365171145455417179","97.5"
"IAT_flowers_insects.iqx","020718","13:14:26","738315478","764062580","251874","1","0.8899302764822960565","1.1249393940320620011","1.0074348352571789178","95.8333333333333428072"
"IAT_race.iqx","020718","13:14:54","900241257","530836141","243675","1","0.9012619275184953205","0.5804203909901705094","0.7408411592543329149","95.8333333333333428072"
"IAT_flowers_insects.iqx","020718","14:12:50","365107000","90613696","204537","1","0.5289182118874965477","0.7447823513407775264","0.6368502816141370371","92.5"
"IAT_flowers_insects.iqx","020718","08:09:11","677718263","167543659","209441","1","0.4639231837861624852","0.5836480111024512363","0.5237855974443068607","90"
"IAT_race.iqx","020718","09:04:35","521731217","82361904","317832","1","0.440765779773542421","0.2444944255427046464","0.3426301026581235476","100"
"IAT_race.iqx","020718","12:57:39","255323643","200415685","445277","1","0.5683204579027355541","0.8128397340467623522","0.6905800959747490086","97.5"
"IAT_race.iqx","020718","04:57:26","76994235","306354403","246213","1","0.2878126360311002996","0.2701405914494302007","0.2789766137402652779","95.8333333333333428072"
"IAT_flowers_insects.iqx","020718","12:56:29","105966407","396709789","210248","1","1.3332019713696907637","0.9612219467590641386","1.1472119590643774512","95.8333333333333428072"
"IAT_flowers_insects.iqx","020718","07:50:40","688207919","814170139","256702","1","0.7354754328022700127","0.9373591514106683897","0.8364172921064692012","95.8333333333333428072"
"IAT_race.iqx","020718","12:46:56","582207697","482620871","211817","1","0.5937487896202708892","0.2074012795869118742","0.4005750346035913956","94.1666666666666714036"
"IAT_flowers_insects.iqx","020718","23:48:33","319349222","356044560","258978","1","0.1644709592830643496","-0.140918505254906179","0.0117762270140790853","95.8333333333333428072"
"IAT_flowers_insects.iqx","020718","07:42:04","76771109","135531554","224140","1","0.9368096514118476881","0.9159811095770382661","0.9263953804944429216","91.6666666666666571928"
"IAT_flowers_insects.iqx","020718","12:36:27","408203981","631468891","253650","1","0.9431533890129141229","1.41318971494925405","1.1781715519810840309","96.6666666666666714036"
"IAT_flowers_insects.iqx","020718","12:31:43","971096856","530489299","224467","1","1.1567088873297468599","0.9035885988181948658","1.0301487430739708628","95"
"IAT_flowers_insects.iqx","020718","13:11:13","333536239","778615131","8514","1","","-1.4142135623730949234","-0.7071067811865474617","100"
